<Skin version = "1.0" name = "Black" author = "Just Fancy" info = "QQ: 551907703">
	<clock image = "clock.bmp" >
		<center x = "125" y = "125" />
		<hour length = "75" width = "5" color = "#000000" />
		<minute length = "80" width = "3" color = "#143214" />
		<second length = "90" width = "2" color = "#FF0000" />
		<hour_hand image = "horhand.bmp" />
		<minute_hand image = "minhand.bmp" />
		<second_hand image = "sechand.bmp" />
		<sound>tick.wav</sound>
	</clock>
	<digit image = "digit.bmp" />
</Skin>